{"cameraMode":{"drawMode":0,"name":"Shaded","section":"Shading Mode"},"sceneLighting":true,"audioPlay":false,"sceneViewState":{"m_AlwaysRefresh":false,"showFog":true,"showSkybox":true,"showFlares":true,"showImageEffects":true,"showParticleSystems":true,"showVisualEffectGraphs":true,"m_FxEnabled":true},"in2DMode":false,"pivot":{"x":-2.5750930309295656,"y":94.50066375732422,"z":-4.642826080322266},"rotation":{"x":0.11162348836660385,"y":-0.16411201655864716,"z":0.018597884103655816,"w":0.979965090751648},"size":61.75731658935547,"orthographic":true}