{"cameraMode":{"drawMode":0,"name":"Shaded","section":"Shading Mode"},"sceneLighting":true,"audioPlay":false,"sceneViewState":{"m_AlwaysRefresh":false,"showFog":true,"showSkybox":true,"showFlares":true,"showImageEffects":true,"showParticleSystems":true,"showVisualEffectGraphs":true,"m_FxEnabled":true},"in2DMode":false,"pivot":{"x":599.5646362304688,"y":492.39898681640627,"z":1186.797119140625},"rotation":{"x":0.03265056014060974,"y":0.04555688425898552,"z":0.0014898519730195404,"w":-0.9984274506568909},"size":1094.28466796875,"orthographic":true}