{"cameraMode":{"drawMode":0,"name":"Shaded","section":"Shading Mode"},"sceneLighting":false,"audioPlay":false,"sceneViewState":{"m_AlwaysRefresh":false,"showFog":true,"showSkybox":false,"showFlares":true,"showImageEffects":true,"showParticleSystems":true,"showVisualEffectGraphs":true,"m_FxEnabled":true},"in2DMode":false,"pivot":{"x":7.820384979248047,"y":10.593616485595704,"z":1.6479301452636719},"rotation":{"x":-0.006024164147675037,"y":-0.4842560887336731,"z":0.0033665308728814127,"w":-0.8749672174453735},"size":23.900955200195314,"orthographic":true}